uuid,parent_id,name,description,image_url,is_active,created_at,updated_at
1,null,Điện lạnh,"Cung cấp các giải pháp toàn diện về hệ thống điều hòa không khí và thiết bị làm lạnh, từ khảo sát, lắp đặt đến bảo dưỡng và sửa chữa chuyên sâu.",https://res.cloudinary.com/dcf78vkol/image/upload/v1791132812/clean_2d_vector_anime_chibi_cartoon_illustration_representing_i_n_l_nh_hvac.png,TRUE,2026-10-04T02:39:31.289145,2026-10-04T02:39:31.289145
2,null,Điện,"Chuyên xử lý nhanh chóng các sự cố chập cháy, đồng thời tư vấn, thiết kế và thi công an toàn hệ thống điện năng cho dân dụng và công nghiệp.",https://res.cloudinary.com/dcf78vkol/image/upload/v1791133948/clean_2d_vector_anime_chibi_cartoon_illustration_representing_electrician.png,TRUE,2026-10-04T02:39:31.289145,2026-10-04T02:39:31.289145
3,null,Điện Nước,"Tích hợp các giải pháp khắc phục sự cố và bảo trì đồng bộ, giúp hệ thống lưới điện và đường ống cấp thoát nước hoạt động trơn tru, an toàn.",https://res.cloudinary.com/dcf78vkol/image/upload/v1791135113/clean_2d_vector_anime_chibi_cartoon_illustration_representing_plumbing_and.png,TRUE,2026-10-04T02:39:31.289145,2026-10-04T02:39:31.289145
4,null,Điện gia dụng,"Hỗ trợ kiểm tra, bảo hành và sửa chữa tận tâm các thiết bị điện sử dụng trong sinh hoạt gia đình, mang lại sự tiện nghi tối đa.",https://res.cloudinary.com/dcf78vkol/image/upload/v1791136024/clean_2d_vector_anime_chibi_cartoon_illustration_representing_home_appliances.png,TRUE,2026-10-04T02:39:31.289145,2026-10-04T02:39:31.289146
5,null,Sửa chữa thiết bị điện tử,"Khắc phục sự cố và bảo dưỡng chuyên sâu các loại thiết bị điện, máy móc chuyên dụng, đảm bảo hiệu suất và độ an toàn cao.",https://res.cloudinary.com/dcf78vkol/image/upload/v1791137173/clean_2d_vector_anime_chibi_cartoon_illustration_representing_s_a_ch_a_thi_t_b.png,TRUE,2026-10-04T02:39:31.289145,2026-10-04T02:39:31.289147
6,null,Nhôm kính,"Chuyên tư vấn, thiết kế, thi công và lắp đặt các vật liệu nhôm kính kiến trúc cao cấp, kiến tạo không gian sống hiện đại và sang trọng.",https://res.cloudinary.com/dcf78vkol/image/upload/v1791188183/clean_2d_vector_anime_chibi_cartoon_illustration_representing_nh_m_k_nh_n_i.png,TRUE,2026-10-04T02:39:31.289145,2026-10-04T02:39:31.289148
7,null,Cơ khí,"Cung cấp các giải pháp gia công, chế tạo và lắp ráp kết cấu kim loại bền vững, đáp ứng mọi yêu cầu kỹ thuật và thẩm mỹ của công trình.",https://res.cloudinary.com/dcf78vkol/image/upload/v1791188838/clean_2d_vector_anime_chibi_cartoon_illustration_representing_c_kh_n_i_chung.pngs://example.com/dien-lanh.jpg,TRUE,2026-10-04T02:39:31.289145,2026-10-04T02:39:31.289149
8,null,Sửa khoá,"Giải quyết nhanh gọn mọi vấn đề về an toàn và tiếp cận không gian với dịch vụ mở khóa, làm chìa và sửa chữa các loại khóa chuyên nghiệp.",https://res.cloudinary.com/dcf78vkol/image/upload/v1791189801/clean_2d_vector_anime_chibi_cartoon_illustration_representing_s_a_kh_a_n_i.png,TRUE,2026-10-04T02:39:31.289145,2026-10-04T02:39:31.289150
9,null,Sửa xe,"Đội ngũ kỹ thuật viên sẵn sàng bảo dưỡng, sửa chữa và cứu hộ phương tiện ô tô và xe máy tận nơi, đảm bảo hành trình của bạn luôn suôn sẻ.",https://res.cloudinary.com/dcf78vkol/image/upload/v1791190146/clean_2d_vector_anime_chibi_cartoon_illustration_representing_s_a_xe_n_i_chung.png,TRUE,2026-10-04T02:39:31.289145,2026-10-04T02:39:31.289151
10,null,Cửa cuốn,"Chuyên biệt về dịch vụ lắp đặt, bảo trì và khắc phục sự cố hệ thống cửa tự động thông minh, mang lại sự an tâm và tiện lợi.",https://res.cloudinary.com/dcf78vkol/image/upload/v1791190565/clean_2d_vector_anime_chibi_cartoon_illustration_representing_c_a_cu_n_n_i.png,TRUE,2026-10-04T02:39:31.289145,2026-10-04T02:39:31.289152
11,null,Chăm sóc y tế,"Cung cấp nguồn nhân lực tận tâm, chuyên nghiệp để hỗ trợ các công việc nội trợ, dọn dẹp và chăm sóc không gian sống gia đình mỗi ngày.",https://res.cloudinary.com/dcf78vkol/image/upload/v1791191586/clean_2d_vector_anime_chibi_cartoon_illustration_representing_ch_m_s_c_y_t_n_i.png,TRUE,2026-10-04T02:39:31.289145,2026-10-04T02:39:31.289153
12,null,Makeup,"Mang đến các dịch vụ trang điểm cá nhân và tạo kiểu tóc chuyên nghiệp, giúp khách hàng tỏa sáng trong mọi sự kiện và khoảnh khắc quan trọng.",https://res.cloudinary.com/dcf78vkol/image/upload/v1791191840/clean_2d_vector_anime_chibi_cartoon_illustration_representing_trang_i_m_n_i.png,TRUE,2026-10-04T02:39:31.289145,2026-10-04T02:39:31.289154
14,null,Sửa máy tính,"Hỗ trợ kỹ thuật nhanh chóng, khắc phục mọi sự cố phần cứng, phần mềm và bảo mật cho các thiết bị công nghệ thông tin cá nhân.",https://res.cloudinary.com/dcf78vkol/image/upload/v1791202473/clean_2d_vector_anime_chibi_cartoon_illustration_representing_s_a_laptop_n_i.png,TRUE,2026-10-04T02:39:31.289145,2026-10-04T02:39:31.289156
15,null,Xây dựng,"Bao gồm trọn gói các hạng mục tư vấn thiết kế, thi công, cải tạo và hoàn thiện công trình kiến trúc với tiêu chuẩn chất lượng cao nhất.",https://res.cloudinary.com/dcf78vkol/image/upload/v1791202796/clean_2d_vector_anime_chibi_cartoon_illustration_representing_x_y_d_ng_n_i.png,TRUE,2026-10-04T02:39:31.289145,2026-10-04T02:39:31.289157
16,null,Nails,"Chuyên cung cấp các dịch vụ chăm sóc, tạo kiểu và làm đẹp móng nghệ thuật, mang lại vẻ ngoài hoàn hảo và tinh tế cho phái đẹp.",https://res.cloudinary.com/dcf78vkol/image/upload/v1791203258/clean_2d_vector_anime_chibi_cartoon_illustration_representing_nails_n_i_chung_1.png,TRUE,2026-10-04T02:39:31.289145,2026-10-04T02:39:31.289158
17,null,Nấu ăn,"Cung cấp các giải pháp ẩm thực linh hoạt cùng đội ngũ đầu bếp tài năng, chế biến những bữa ăn ngon miệng theo mọi yêu cầu.",https://res.cloudinary.com/dcf78vkol/image/upload/v1791203425/clean_2d_vector_anime_chibi_cartoon_illustration_representing_n_u_n_n_i_chung.png,TRUE,2026-10-04T02:39:31.289145,2026-10-04T02:39:31.289159
18,null,Lắp đặt camera,"Chuyên khảo sát, thiết kế và triển khai các hệ thống thiết bị giám sát an ninh thông minh, cảnh báo sớm để bảo vệ an toàn tuyệt đối.",https://res.cloudinary.com/dcf78vkol/image/upload/v1791203667/clean_2d_vector_anime_chibi_cartoon_illustration_representing_l_p_t_camera_n_i.png,TRUE,2026-10-04T02:39:31.289145,2026-10-04T02:39:31.289160
23,null,Làm vườn,"Chuyên chăm sóc cảnh quan, duy trì mảng xanh và thiết kế không gian sân vườn hài hòa, mang thiên nhiên đến gần hơn với cuộc sống.",https://res.cloudinary.com/dcf78vkol/image/upload/v1791205348/clean_2d_vector_anime_chibi_cartoon_illustration_representing_l_m_v_n_n_i_chung.png,TRUE,2026-10-04T02:39:31.289145,2026-10-04T02:39:31.289165
30,null,Dịch vụ vệ sinh,"Cung cấp các giải pháp làm sạch chuyên sâu, vệ sinh công nghiệp sử dụng thiết bị hiện đại để tái tạo không gian sống và làm việc.",https://res.cloudinary.com/dcf78vkol/image/upload/v1791206076/clean_2d_vector_anime_chibi_cartoon_illustration_representing_d_ch_v_v_sinh_n_i.png,TRUE,2026-10-04T02:39:31.289145,2026-10-04T02:39:31.289172
31,null,Hỗ trợ tìm kiếm và cứu trợ,"Dịch vụ trung gian kết nối, hỗ trợ khách hàng tìm kiếm và cung ứng mặt bằng, nhà ở, vật tư hoặc các tiện ích theo nhu cầu cụ thể.",https://res.cloudinary.com/dcf78vkol/image/upload/v1791206524/clean_2d_vector_anime_chibi_cartoon_illustration_representing_h_tr_t_m_ki_m_v_c.png,TRUE,2026-10-04T02:39:31.289145,2026-10-04T02:39:31.289173
34,null,Vận chuyển,"Đáp ứng nhanh chóng và an toàn mọi nhu cầu đóng gói, bốc xếp và di dời tài sản, đồ đạc, thiết bị máy móc đến địa điểm mới.",https://res.cloudinary.com/dcf78vkol/image/upload/v1791207466/clean_2d_vector_anime_chibi_cartoon_illustration_representing_v_n_chuy_n_n_i.png,TRUE,2026-10-04T02:39:31.289145,2026-10-04T02:39:31.289176
38,null,Diệt côn trùng,"Cung cấp các giải pháp kiểm soát và tiêu diệt sinh vật gây hại một cách an toàn, hiệu quả, bảo vệ môi trường sống và sức khỏe con người.",https://res.cloudinary.com/dcf78vkol/image/upload/v1791207744/clean_2d_vector_anime_chibi_cartoon_illustration_representing_di_t_c_n_tr_ng_n.png,TRUE,2026-10-04T02:39:31.289145,2026-10-04T02:39:31.289180
40,null,Đặt xe,"Cung cấp các giải pháp gọi xe nhanh chóng, an toàn và tiện lợi, kết nối bạn với đội ngũ tài xế chuyên nghiệp đáp ứng mọi nhu cầu di chuyển.",https://res.cloudinary.com/dcf78vkol/image/upload/v1791207899/clean_2d_vector_anime_chibi_cartoon_illustration_representing_t_xe_n_i_chung.png,TRUE,2026-10-04T02:39:31.289145,2026-10-04T02:39:31.289182
