uuid,category_id,name,description,icon_url,is_active,created_at,updated_at
,1,Vệ sinh máy lạnh,"Dịch vụ làm sạch chuyên sâu bụi bẩn bám trên dàn nóng, dàn lạnh và lưới lọc, giúp máy lạnh hoạt động êm ái, làm lạnh nhanh và tiết kiệm điện năng.",https://res.cloudinary.com/dcf78vkol/image/upload/v1791133317/clean_2d_vector_anime_chibi_cartoon_illustration_of_the_exact_same_character.png,TRUE,2026-10-04T02:39:31.289145,2026-10-04T02:39:31.289145
,1,Sửa máy lạnh,"Khắc phục triệt để các sự cố máy lạnh không làm lạnh, rò rỉ nước, phát ra tiếng ồn hoặc hỏng bo mạch điều khiển.",https://res.cloudinary.com/dcf78vkol/image/upload/v1791133317/clean_2d_vector_anime_chibi_cartoon_illustration_of_the_exact_same_character_1.png,TRUE,2026-10-04T02:39:31.289145,2026-10-04T02:39:31.289145
,1,Sửa tủ lạnh,"Kiểm tra và xử lý dứt điểm các lỗi tủ lạnh không đông đá, mất nguồn, hỏng block làm lạnh hoặc rò rỉ khí gas.",https://res.cloudinary.com/dcf78vkol/image/upload/v1791133317/clean_2d_vector_anime_chibi_cartoon_illustration_of_the_exact_same_character_2.png,TRUE,2026-10-04T02:39:31.289145,2026-10-04T02:39:31.289145
,1,Tháo và lắp đặt máy lạnh,"Hỗ trợ tháo dỡ, di dời và lắp đặt máy lạnh đúng tiêu chuẩn kỹ thuật, đảm bảo tính an toàn và thẩm mỹ không gian.",https://res.cloudinary.com/dcf78vkol/image/upload/v1791133765/clean_2d_vector_anime_chibi_cartoon_illustration_of_the_exact_same_character_4.png,TRUE,2026-10-04T02:39:31.289145,2026-10-04T02:39:31.289145
,1,Vệ sinh tủ lạnh,"Làm sạch sâu, khử mùi hôi và diệt khuẩn toàn diện cả trong lẫn ngoài, bảo vệ môi trường lưu trữ thực phẩm an toàn.",https://res.cloudinary.com/dcf78vkol/image/upload/v1791133316/clean_2d_vector_anime_chibi_cartoon_illustration_of_the_exact_same_character_3.png,TRUE,2026-10-04T02:39:31.289145,2026-10-04T02:39:31.289145
,2,Sửa điện,"Kiểm tra và khắc phục kịp thời các sự cố chập cháy, đứt dây, mất điện cục bộ hoặc mất điện toàn phần tại công trình.",https://res.cloudinary.com/dcf78vkol/image/upload/v1791133942/clean_2d_vector_anime_chibi_cartoon_illustration_of_electrical_repair_s_a_i_n.png,TRUE,2026-10-04T02:39:31.289147,2026-10-04T02:39:31.289147
,2,Lắp đặt hệ thống điện,"Tư vấn, thiết kế và thi công lắp đặt mới hệ thống lưới điện âm tường, điện nổi đảm bảo an toàn cho nhà ở.",https://res.cloudinary.com/dcf78vkol/image/upload/v1791133943/clean_2d_vector_anime_chibi_cartoon_illustration_of_electrical_system.png,TRUE,2026-10-04T02:39:31.289148,2026-10-04T02:39:31.289148
,2,Hệ thống chiếu sáng,"Cung cấp giải pháp lắp đặt, thay thế và bố trí các loại đèn chiếu sáng trang trí, chiếu sáng sinh hoạt chuẩn thẩm mỹ.",https://res.cloudinary.com/dcf78vkol/image/upload/v1791133949/clean_2d_vector_anime_chibi_cartoon_illustration_of_lighting_system.png,TRUE,2026-10-04T02:39:31.289149,2026-10-04T02:39:31.289149
,3,Sửa ống nước,"Xử lý tình trạng rò rỉ, vỡ ống nước, thay thế đường ống cấp thoát nước bị hỏng âm tường hoặc khu vực ngoài trời.",https://res.cloudinary.com/dcf78vkol/image/upload/v1791135115/clean_2d_vector_anime_chibi_cartoon_illustration_of_pipe_repair_plumbing_repair.png,TRUE,2026-10-04T02:39:31.289150,2026-10-04T02:39:31.289150
,3,Thông cống,"Sử dụng thiết bị chuyên dụng để xử lý nhanh và triệt để tình trạng tắc nghẽn đường ống thoát nước, cống rãnh.",https://res.cloudinary.com/dcf78vkol/image/upload/v1791135114/clean_2d_vector_anime_chibi_cartoon_illustration_of_drain_unblocking_sewer.png,TRUE,2026-10-04T02:39:31.289151,2026-10-04T02:39:31.289151
,3,Bảo trì hệ hệ thống nước,"Kiểm tra định kỳ, bảo dưỡng máy bơm, màng lọc và van nước để hệ thống cấp thoát nước luôn vận hành ổn định.",https://res.cloudinary.com/dcf78vkol/image/upload/v1791135112/clean_2d_vector_anime_chibi_cartoon_illustration_of_water_system_maintenance_b.png,TRUE,2026-10-04T02:39:31.289152,2026-10-04T02:39:31.289152
,3,Lắp đặt và sửa chữa bồn cầu,"Lắp mới bồn cầu, thay thế phụ kiện và sửa chữa các lỗi kẹt phao, rỉ nước, xả không trôi nước trong quá trình sử dụng.",https://res.cloudinary.com/dcf78vkol/image/upload/v1791135109/clean_2d_vector_anime_chibi_cartoon_illustration_of_toilet_installation_and.png,TRUE,2026-10-04T02:39:31.289153,2026-10-04T02:39:31.289153
,4,Sửa máy giặt,"Sửa chữa máy giặt mất nguồn, không vắt, lồng kêu to, trào nước hoặc báo lỗi bo mạch hiển thị trên màn hình.",https://res.cloudinary.com/dcf78vkol/image/upload/v1791136021/clean_2d_vector_anime_chibi_cartoon_illustration_of_washing_machine_repair_s_a.png,TRUE,2026-10-04T02:39:31.289154,2026-10-04T02:39:31.289154
,4,Vệ sinh máy giặt,"Tháo lồng và làm sạch cặn bẩn, nấm mốc ẩn sâu bên trong máy giặt, giúp quần áo sau khi giặt luôn thơm tho, sạch sẽ.",https://res.cloudinary.com/dcf78vkol/image/upload/v1791136026/clean_2d_vector_anime_chibi_cartoon_illustration_of_washing_machine_cleaning.png,TRUE,2026-10-04T02:39:31.289155,2026-10-04T02:39:31.289155
,4,Sửa điện gia dụng khác,"Kiểm tra và sửa chữa các thiết bị điện quy mô nhỏ trong gia đình như quạt máy, lò vi sóng, bếp từ, máy sấy.",https://res.cloudinary.com/dcf78vkol/image/upload/v1791136021/clean_2d_vector_anime_chibi_cartoon_illustration_of_miscellaneous_small_home.png,TRUE,2026-10-04T02:39:31.289156,2026-10-04T02:39:31.289156
,4,Sửa tivi,"Khắc phục các lỗi tivi mất hình, mất tiếng, sọc màn hình, hiển thị trắng xóa hoặc không nhận tín hiệu kết nối.",https://res.cloudinary.com/dcf78vkol/image/upload/v1791137210/clean_2d_vector_anime_chibi_cartoon_illustration_of_s_a_tivi_v_m_thanh_tv_and.png,TRUE,2026-10-04T02:39:31.289157,2026-10-04T02:39:31.289157
,5,Điện tử gia dụng,"Cung cấp dịch vụ sửa chữa và bảo dưỡng tổng hợp các thiết bị điện tử gia đình gặp sự cố chập mạch, hỏng nguồn.",https://res.cloudinary.com/dcf78vkol/image/upload/v1791137799/clean_2d_vector_anime_chibi_cartoon_illustration_of_i_n_t_gia_d_ng_consumer.png,TRUE,2026-10-04T02:39:31.289158,2026-10-04T02:39:31.289158
,5,Bão dưỡng máy in,"Vệ sinh máy, nạp mực, thay thế linh kiện hao mòn (trống, gạt) giúp máy in hoạt động mượt mà, bản in luôn sắc nét.",https://res.cloudinary.com/dcf78vkol/image/upload/v1791137798/clean_2d_vector_anime_chibi_cartoon_illustration_of_b_o_d_ng_m_y_in_printer.png,TRUE,2026-10-04T02:39:31.289159,2026-10-04T02:39:31.289159
,5,Lắp đặt và sữa chữa mạng,"Thiết lập hệ thống mạng nội bộ, đi dây cáp mạng và khắc phục sự cố rớt mạng, tín hiệu yếu, mất kết nối Internet.",https://res.cloudinary.com/dcf78vkol/image/upload/v1791137805/clean_2d_vector_anime_chibi_cartoon_illustration_of_l_p_t_v_s_a_ch_a_m_ng.png,TRUE,2026-10-04T02:39:31.289160,2026-10-04T02:39:31.289160
,5,Sửa tivi và âm thanh,"Khắc phục sự cố bo mạch tivi, đồng thời cân chỉnh, sửa chữa hệ thống dàn âm thanh, amply và các loại loa giải trí.",https://res.cloudinary.com/dcf78vkol/image/upload/v1791137210/clean_2d_vector_anime_chibi_cartoon_illustration_of_s_a_tivi_v_m_thanh_tv_and.png,TRUE,2026-10-04T02:39:31.289161,2026-10-04T02:39:31.289161
,6,Cửa nhôm kính,"Tư vấn, thiết kế và gia công các loại cửa đi, cửa sổ, tủ bếp bằng vật liệu nhôm kính cao cấp, kiểu dáng hiện đại.",https://res.cloudinary.com/dcf78vkol/image/upload/v1791188178/clean_2d_vector_anime_chibi_cartoon_illustration_of_l_p_t_c_a_k_nh_glass_door.png,TRUE,2026-10-04T02:39:31.289162,2026-10-04T02:39:31.289162
,6,Lắp đặt cửa kính,"Thi công và lắp ráp cửa kính cường lực, cửa thủy lực có khả năng cách âm, cách nhiệt, đảm bảo an toàn tuyệt đối.",https://res.cloudinary.com/dcf78vkol/image/upload/v1791188178/clean_2d_vector_anime_chibi_cartoon_illustration_of_c_a_nh_m_k_nh_aluminum.png,TRUE,2026-10-04T02:39:31.289163,2026-10-04T02:39:31.289163
,6,Thi công vách ngăn nhôm,"Dựng vách ngăn nhôm kính để phân chia không gian phòng ốc nhanh chóng, tiện lợi, tối ưu khả năng lấy sáng tự nhiên.",https://res.cloudinary.com/dcf78vkol/image/upload/v1791188180/clean_2d_vector_anime_chibi_cartoon_illustration_of_thi_c_ng_v_ch_ng_n_nh_m.png,TRUE,2026-10-04T02:39:31.289164,2026-10-04T02:39:31.289164
,6,Bảo trì cửa kính,"Kiểm tra, bôi trơn bản lề, thay thế phụ kiện hư hỏng và căn chỉnh lại các cánh cửa kính cường lực bị xệ, kẹt.",https://res.cloudinary.com/dcf78vkol/image/upload/v1791188181/clean_2d_vector_anime_chibi_cartoon_illustration_of_b_o_tr_c_a_k_nh_glass_door.png,TRUE,2026-10-04T02:39:31.289165,2026-10-04T02:39:31.289165
,6,Vệ sinh cửa kính,"Lau chùi, tẩy ố và làm sạch bề mặt kính tòa nhà, cửa hàng, vách tắm kính bằng hóa chất chuyên dụng, an toàn.",https://res.cloudinary.com/dcf78vkol/image/upload/v1791188178/clean_2d_vector_anime_chibi_cartoon_illustration_of_v_sinh_c_a_k_nh_glass.png,TRUE,2026-10-04T02:39:31.289166,2026-10-04T02:39:31.289166
,7,Thợ sắt,"Gia công, chế tạo và lắp đặt các sản phẩm từ vật liệu sắt như cửa cổng, hàng rào, mái che, khung bảo vệ kiên cố.",https://res.cloudinary.com/dcf78vkol/image/upload/v1791188818/clean_2d_vector_anime_chibi_cartoon_illustration_of_th_s_t_ironworker_metal.png,TRUE,2026-10-04T02:39:31.289167,2026-10-04T02:39:31.289167
,7,Thợ hàn,"Cung cấp dịch vụ hàn xì sắt thép, inox tận nơi để gia cố, sửa chữa hoặc chế tạo các chi tiết và mối nối kim loại.",https://res.cloudinary.com/dcf78vkol/image/upload/v1791188835/clean_2d_vector_anime_chibi_cartoon_illustration_of_th_h_n_welder_welding.png,TRUE,2026-10-04T02:39:31.289168,2026-10-04T02:39:31.289168
,7,Thợ tiện,"Gia công cơ khí chính xác, tiện ren, phay bào các chi tiết máy móc công nghiệp và dân dụng theo bản vẽ kỹ thuật.",https://res.cloudinary.com/dcf78vkol/image/upload/v1791188818/clean_2d_vector_anime_chibi_cartoon_illustration_of_th_ti_n_machinist_lathe.png,TRUE,2026-10-04T02:39:31.289169,2026-10-04T02:39:31.289169
,8,Sửa khoá và làm chìa khoá,"Mở khóa tận nơi, đánh chìa mới và khắc phục ổ khóa bị kẹt cho hệ thống cửa nhà, cửa cuốn, xe máy, két sắt.",https://res.cloudinary.com/dcf78vkol/image/upload/v1791189794/clean_2d_vector_anime_chibi_cartoon_illustration_clearly_showing_both_locksmith.png,TRUE,2026-10-04T02:39:31.289170,2026-10-04T02:39:31.289170
,8,Lắp đặt hệ thống khoá,"Thay thế và lắp mới các loại khóa cơ truyền thống, khóa điện tử thông minh, khóa vân tay mang tính bảo mật cao.",https://res.cloudinary.com/dcf78vkol/image/upload/v1791189794/clean_2d_vector_anime_chibi_cartoon_illustration_of_l_p_t_h_th_ng_kh_a_smart.png,TRUE,2026-10-04T02:39:31.289171,2026-10-04T02:39:31.289171
,9,Sửa xe máy,"Cứu hộ và sửa chữa tận nơi các lỗi chết máy, đứt xích, lủng lốp, hỏng bugi, hoặc thay nhớt định kỳ cho xe máy.",https://res.cloudinary.com/dcf78vkol/image/upload/v1791190158/clean_2d_vector_anime_chibi_cartoon_illustration_of_s_a_xe_m_y_motorcycle_1.png,TRUE,2026-10-04T02:39:31.289172,2026-10-04T02:39:31.289172
,9,Sửa xe oto,"Chuẩn đoán lỗi, khắc phục sự cố động cơ, hệ thống điện, gầm và bảo dưỡng ô tô lưu động hoặc tại gara chuyên nghiệp.",https://res.cloudinary.com/dcf78vkol/image/upload/v1791190155/clean_2d_vector_anime_chibi_cartoon_illustration_of_s_a_xe_t_car_auto.png,TRUE,2026-10-04T02:39:31.289173,2026-10-04T02:39:31.289173
,9,Sơn ô tô,"Đồng sơn, xử lý móp méo, trầy xước và sơn dặm, sơn đổi màu toàn bộ thân vỏ xe ô tô, trả lại vẻ sáng bóng như mới.",https://res.cloudinary.com/dcf78vkol/image/upload/v1791190140/clean_2d_vector_anime_chibi_cartoon_illustration_of_s_n_t_car_painting_auto.png,TRUE,2026-10-04T02:39:31.289174,2026-10-04T02:39:31.289174
,9,Thay và vá lốp xe,"Cứu hộ xe lủng lốp giữa đường, tiến hành vá ép, vá lụi hoặc thay thế lốp dự phòng an toàn cho cả ô tô và xe máy.",https://res.cloudinary.com/dcf78vkol/image/upload/v1791190139/clean_2d_vector_anime_chibi_cartoon_illustration_of_thay_v_v_l_p_xe_tire.png,TRUE,2026-10-04T02:39:31.289175,2026-10-04T02:39:31.289175
,10,Lắp đặt cửa cuốn,"Tư vấn lựa chọn và thi công lắp ráp mới các hệ thống cửa cuốn khe thoáng, cửa cuốn tấm liền vận hành tự động.",https://res.cloudinary.com/dcf78vkol/image/upload/v1791190564/clean_2d_vector_anime_chibi_cartoon_illustration_of_l_p_t_c_a_cu_n_roller.png,TRUE,2026-10-04T02:39:31.289176,2026-10-04T02:39:31.289176
,10,Bảo trì và sửa chữa cửa cuốn,"Khắc phục nhanh chóng sự cố cửa cuốn kẹt nan, đứt cáp, hỏng motor, kêu to hoặc lỗi bo mạch và bộ điều khiển từ xa.",https://res.cloudinary.com/dcf78vkol/image/upload/v1791190607/clean_2d_vector_anime_chibi_cartoon_illustration_of_b_o_tr_v_s_a_ch_a_c_a_cu_n.png,TRUE,2026-10-04T02:39:31.289177,2026-10-04T02:39:31.289177
,11,Chăm sóc người cao tuổi,"Dịch vụ điều dưỡng, hỗ trợ sinh hoạt, ăn uống, vệ sinh cá nhân và theo dõi sức khỏe tận tình cho người cao tuổi.",https://res.cloudinary.com/dcf78vkol/image/upload/v1791191596/clean_2d_vector_anime_chibi_cartoon_illustration_of_ch_m_s_c_ng_i_cao_tu_i.png,TRUE,2026-10-04T02:39:31.289178,2026-10-04T02:39:31.289178
,11,Chăm sóc mẹ và em bé,"Cung cấp dịch vụ tắm bé, vệ sinh rốn, xoa bóp thư giãn và chăm sóc chế độ dinh dưỡng khoa học cho mẹ sau sinh.",https://res.cloudinary.com/dcf78vkol/image/upload/v1791191591/clean_2d_vector_anime_chibi_cartoon_illustration_of_ch_m_s_c_m_v_em_b_maternal.png,TRUE,2026-10-04T02:39:31.289179,2026-10-04T02:39:31.289179
,11,Chăm sóc người bệnh,"Hỗ trợ bệnh nhân vệ sinh cá nhân, nhắc nhở uống thuốc đúng giờ và túc trực chăm sóc tại nhà hoặc tại bệnh viện.",https://res.cloudinary.com/dcf78vkol/image/upload/v1791191587/clean_2d_vector_anime_chibi_cartoon_illustration_of_ch_m_s_c_ng_i_b_nh_patient.png,TRUE,2026-10-04T02:39:31.289180,2026-10-04T02:39:31.289180
,11,Chăm sóc người khuyết tật,"Đồng hành, hỗ trợ sinh hoạt hàng ngày, vệ sinh và phục hồi chức năng cơ bản cho người khuyết tật, người yếu thế.",https://res.cloudinary.com/dcf78vkol/image/upload/v1791191585/clean_2d_vector_anime_chibi_cartoon_illustration_of_ch_m_s_c_ng_i_khuy_t_t_t.png,TRUE,2026-10-04T02:39:31.289181,2026-10-04T02:39:31.289181
,12,Trang điểm dự tiệc,"Trang điểm và tạo kiểu tóc chuyên nghiệp, giúp khách hàng nổi bật, lộng lẫy và tự tin khi tham dự các buổi tiệc.",https://res.cloudinary.com/dcf78vkol/image/upload/v1791191843/clean_2d_vector_anime_chibi_cartoon_illustration_of_trang_i_m_d_ti_c_party.png,TRUE,2026-10-04T02:39:31.289184,2026-10-04T02:39:31.289184
,12,Trang điểm cá nhân,"Trang điểm nhẹ nhàng, thanh lịch kết hợp làm tóc đơn giản, phù hợp cho sinh hoạt, đi làm hoặc các buổi hẹn hò.",https://res.cloudinary.com/dcf78vkol/image/upload/v1791191855/clean_2d_vector_anime_chibi_cartoon_illustration_of_trang_i_m_c_nh_n_personal.png,TRUE,2026-10-04T02:39:31.289185,2026-10-04T02:39:31.289185
,12,Trang điểm cô dâu,"Trang điểm và làm tóc tỉ mỉ, lộng lẫy theo nhiều phong cách đa dạng dành riêng cho cô dâu trong ngày cưới trọng đại.",https://res.cloudinary.com/dcf78vkol/image/upload/v1791191843/clean_2d_vector_anime_chibi_cartoon_illustration_of_trang_i_m_d_ti_c_party.png,TRUE,2026-10-04T02:39:31.289186,2026-10-04T02:39:31.289186
,14,Sửa máy tính,"Xử lý các lỗi phần cứng, màn hình xanh, máy tính không lên nguồn, nhiễm mã độc, cài đặt hệ điều hành và phần mềm.",https://res.cloudinary.com/dcf78vkol/image/upload/v1791202473/clean_2d_vector_anime_chibi_cartoon_illustration_of_v_sinh_laptop_laptop.png,TRUE,2026-10-04T02:39:31.289189,2026-10-04T02:39:31.289189
,14,Nâng cấp máy tính,"Thay thế, bổ sung RAM, nâng cấp ổ cứng hoặc card đồ họa giúp máy tính xử lý dữ liệu nhanh chóng và mượt mà hơn.",https://res.cloudinary.com/dcf78vkol/image/upload/v1791202473/clean_2d_vector_anime_chibi_cartoon_illustration_of_n_ng_c_p_laptop_laptop.png,TRUE,2026-10-04T02:39:31.289190,2026-10-04T02:39:31.289190
,14,Vệ sinh máy tính,"Tháo rời linh kiện, làm sạch bụi bẩn, tra keo tản nhiệt mới để giảm nhiệt độ và kéo dài tuổi thọ cho thiết bị máy tính.",https://res.cloudinary.com/dcf78vkol/image/upload/v1791202473/clean_2d_vector_anime_chibi_cartoon_illustration_of_s_a_laptop_laptop_hardware.png,TRUE,2026-10-04T02:39:31.289191,2026-10-04T02:39:31.289191
,15,Thợ hồ,"Nhận xây trát, đổ bê tông, sửa chữa các hạng mục nứt vỡ, cơi nới không gian nhà cửa quy mô vừa và nhỏ.",https://res.cloudinary.com/dcf78vkol/image/upload/v1791202796/clean_2d_vector_anime_chibi_cartoon_illustration_of_th_h_mason_bricklayer.png,TRUE,2026-10-04T02:39:31.289192,2026-10-04T02:39:31.289192
,15,Thợ lợp mái,"Thi công lợp tôn, lợp ngói mới, xử lý chống dột mái nhà và thay thế xà gồ rỉ sét, hệ thống máng xối hư hỏng.",https://res.cloudinary.com/dcf78vkol/image/upload/v1791202795/clean_2d_vector_anime_chibi_cartoon_illustration_of_th_l_p_m_i_roofer_roof_tile.png,TRUE,2026-10-04T02:39:31.289193,2026-10-04T02:39:31.289193
,15,Sơn nhà,"Xử lý bề mặt tường ẩm mốc, trét bả matit và lăn sơn nội thất, ngoại thất mang lại diện mạo hoàn hảo cho công trình.",https://res.cloudinary.com/dcf78vkol/image/upload/v1791202795/clean_2d_vector_anime_chibi_cartoon_illustration_of_s_n_nh_house_painting_wall.png,TRUE,2026-10-04T02:39:31.289194,2026-10-04T02:39:31.289194
,15,Ốp lót gạch,"Xử lý độ dốc nền, ốp gạch tường, lát gạch sàn đảm bảo độ bám dính tốt, bề mặt phẳng phiu và đường ron sắc nét.",https://res.cloudinary.com/dcf78vkol/image/upload/v1791202795/clean_2d_vector_anime_chibi_cartoon_illustration_of_p_l_t_g_ch_tile_laying.png,TRUE,2026-10-04T02:39:31.289196,2026-10-04T02:39:31.289196
,15,Lót nền,"Thi công cán nền phẳng, lót sàn gỗ tự nhiên, sàn nhựa giả gỗ hoặc thảm trải sàn thẩm mỹ cho mọi loại không gian.",https://res.cloudinary.com/dcf78vkol/image/upload/v1791202795/clean_2d_vector_anime_chibi_cartoon_illustration_of_l_t_n_n_floor_tiling_floor.png,TRUE,2026-10-04T02:39:31.289197,2026-10-04T02:39:31.289197
,15,Xây tường,"Dịch vụ thợ xây, dựng tường gạch ngăn phòng, làm tường bao vững chắc, đảm bảo đúng kỹ thuật và tỷ lệ cấp phối vật tư.",https://res.cloudinary.com/dcf78vkol/image/upload/v1791202795/clean_2d_vector_anime_chibi_cartoon_illustration_of_x_y_t_ng_brick_wall.png,TRUE,2026-10-04T02:39:31.289199,2026-10-04T02:39:31.289199
,15,Lắp đặt hệ thống âm tường,"Đục tường, cắt gạch, đi ống ghen an toàn để luồn cáp điện, cáp mạng, cáp tín hiệu ngầm, đảm bảo tính thẩm mỹ cao.",https://res.cloudinary.com/dcf78vkol/image/upload/v1791202798/clean_2d_vector_anime_chibi_cartoon_illustration_of_l_p_t_h_th_ng_m_t_ng.png,TRUE,2026-10-04T02:39:31.289200,2026-10-04T02:39:31.289200
,16,Làm móng,"Thực hiện các bước thi công phần móng vững chắc, đúng tiêu chuẩn kỹ thuật chịu lực cho các công trình xây dựng.",https://res.cloudinary.com/dcf78vkol/image/upload/v1791203270/clean_2d_vector_anime_chibi_cartoon_illustration_of_p_m_ng_gi_nail_extension.png,TRUE,2026-10-04T02:39:31.289201,2026-10-04T02:39:31.289201
,16,Đắp móng giả,"Gia cố nền móng bằng phương pháp đắp móng giả, giúp tăng cường khả năng chịu tải và độ bền vững cho công trình.",https://res.cloudinary.com/dcf78vkol/image/upload/v1791203259/clean_2d_vector_anime_chibi_cartoon_illustration_of_l_m_m_ng_nail_care_classic.png,TRUE,2026-10-04T02:39:31.289202,2026-10-04T02:39:31.289202
,17,Làm bánh,"Cung cấp các loại bánh ngọt, bánh kem thủ công thơm ngon, cốt bánh mềm mịn và trang trí đẹp mắt theo yêu cầu.",https://res.cloudinary.com/dcf78vkol/image/upload/v1791203440/clean_2d_vector_anime_chibi_cartoon_illustration_of_l_m_b_nh_baking_pastry_chef.png,TRUE,2026-10-04T02:39:31.289204,2026-10-04T02:39:31.289204
,17,Dạy nấu ăn,"Hướng dẫn thực hành chế biến các món ăn gia đình, món chay, món Á - Âu từ mức độ cơ bản đến kỹ năng nâng cao.",https://res.cloudinary.com/dcf78vkol/image/upload/v1791203440/clean_2d_vector_anime_chibi_cartoon_illustration_of_d_y_n_u_n_cooking_class.png,TRUE,2026-10-04T02:39:31.289205,2026-10-04T02:39:31.289205
,17,Đầu bếp,"Cung cấp nhân sự đầu bếp chuyên nghiệp đến tận nhà nấu nướng, phục vụ các bữa tiệc riêng tư và sang trọng.",https://res.cloudinary.com/dcf78vkol/image/upload/v1791203464/clean_2d_vector_anime_chibi_cartoon_illustration_of_u_b_p_professional_chef.png,TRUE,2026-10-04T02:39:31.289206,2026-10-04T02:39:31.289206
,17,Nấu đám tiệc,"Nhận đặt mâm, lên thực đơn và nấu nướng trọn gói tại nhà cho các dịp tiệc cưới, đám hỏi, sinh nhật, giỗ chạp.",https://res.cloudinary.com/dcf78vkol/image/upload/v1791203421/clean_2d_vector_anime_chibi_cartoon_illustration_of_n_u_m_ti_c_party_event.png,TRUE,2026-10-04T02:39:31.289207,2026-10-04T02:39:31.289207
,18,Sửa chữa camera,"Khắc phục lỗi camera mất hình, nhiễu sóng, không lưu được video, hỏng đèn hồng ngoại hoặc tình trạng mất kết nối.",https://res.cloudinary.com/dcf78vkol/image/upload/v1791203665/clean_2d_vector_anime_chibi_cartoon_illustration_of_s_a_ch_a_camera_cctv_camera.png,TRUE,2026-10-04T02:39:31.289208,2026-10-04T02:39:31.289208
,18,Lắp đặt camera,"Khảo sát góc nhìn, kéo dây tín hiệu và lắp đặt đồng bộ hệ thống camera an ninh hỗ trợ theo dõi qua điện thoại.",https://res.cloudinary.com/dcf78vkol/image/upload/v1791203682/clean_2d_vector_anime_chibi_cartoon_illustration_of_l_p_t_camera_security.png,TRUE,2026-10-04T02:39:31.289209,2026-10-04T02:39:31.289209
,23,Cắt tỉa lá,"Cắt bỏ cành lá vướng víu, tỉa tạo dáng bonsai nghệ thuật và loại bỏ các cành úa vàng, sâu bệnh cho cây trồng.",https://res.cloudinary.com/dcf78vkol/image/upload/v1791205352/clean_2d_vector_anime_chibi_cartoon_illustration_of_c_t_t_a_l_hedge_trimming.png,TRUE,2026-10-04T02:39:31.289227,2026-10-04T02:39:31.289227
,23,Chăm sóc cây cảnh,"Bảo dưỡng, trị sâu bệnh và cung cấp dinh dưỡng định kỳ để các loại cây kiểng phát triển khỏe mạnh, tràn đầy sức sống.",https://res.cloudinary.com/dcf78vkol/image/upload/v1791205306/clean_2d_vector_anime_chibi_cartoon_illustration_of_ch_m_s_c_c_y_c_nh_bonsai.png,TRUE,2026-10-04T02:39:31.289228,2026-10-04T02:39:31.289228
,23,Thiết kế cảnh quan vườn cây,"Lên ý tưởng bố trí mảng xanh, lối đi lát đá, tiểu cảnh nước, kiến tạo không gian sân vườn sinh thái, hài hòa.",https://res.cloudinary.com/dcf78vkol/image/upload/v1791205309/clean_2d_vector_anime_chibi_cartoon_illustration_of_thi_t_k_c_nh_quan_v_n.png,TRUE,2026-10-04T02:39:31.289229,2026-10-04T02:39:31.289229
,30,Dọn dẹp sau tiệc,"Thu gom rác thải, phân loại đồ ăn thừa, rửa bát chén, lau chùi mặt bàn và trả lại không gian sạch sẽ sau các buổi tiệc.",https://res.cloudinary.com/dcf78vkol/image/upload/v1791206071/clean_2d_vector_anime_chibi_cartoon_illustration_of_d_n_d_p_sau_ti_c_post_party.png,TRUE,2026-10-04T02:39:31.289245,2026-10-04T02:39:31.289245
,30,Vệ sinh khách sạn,"Cung cấp nhân sự chuyên nghiệp để dọn dẹp buồng phòng, thay ga nệm, làm sạch nhà tắm theo tiêu chuẩn lưu trú khách sạn.",https://res.cloudinary.com/dcf78vkol/image/upload/v1791206068/clean_2d_vector_anime_chibi_cartoon_illustration_of_v_sinh_kh_ch_s_n_hotel.png,TRUE,2026-10-04T02:39:31.289246,2026-10-04T02:39:31.289246
,30,Vệ sinh hồ bơi,"Vớt rác nổi, cọ rửa rong rêu đáy hồ, lọc cặn bẩn và châm hóa chất cân bằng độ pH, xử lý nguồn nước hồ bơi an toàn.",https://res.cloudinary.com/dcf78vkol/image/upload/v1791206077/clean_2d_vector_anime_chibi_cartoon_illustration_of_v_sinh_h_b_i_swimming_pool.png,TRUE,2026-10-04T02:39:31.289248,2026-10-04T02:39:31.289248
,30,Lau kính,"Sử dụng giàn giáo, dây an toàn và hóa chất chuyên dụng để làm sạch mặt kính ngoài nhà cao tầng, vách kính showroom.",https://res.cloudinary.com/dcf78vkol/image/upload/v1791206075/clean_2d_vector_anime_chibi_cartoon_illustration_of_lau_k_nh_window_cleaning.png,TRUE,2026-10-04T02:39:31.289249,2026-10-04T02:39:31.289249
,30,Dọn dẹp nhà cửa,"Tạp vụ theo giờ hỗ trợ dọn dẹp, lau sàn, hút bụi, rửa bát, giặt phơi quần áo nhanh gọn, giữ gìn không gian sống gia đình.",https://res.cloudinary.com/dcf78vkol/image/upload/v1791206072/clean_2d_vector_anime_chibi_cartoon_illustration_of_d_n_d_p_nh_c_a_home.png,TRUE,2026-10-04T02:39:31.289250,2026-10-04T02:39:31.289250
,31,Dịch vụ kéo xe,"Điều động xe chuyên dụng dùng tời kéo, cẩu hoặc chở các loại phương tiện gặp tai nạn, hư hỏng nặng về trung tâm sửa chữa.",https://res.cloudinary.com/dcf78vkol/image/upload/v1791206520/clean_2d_vector_anime_chibi_cartoon_illustration_of_d_ch_v_k_o_xe_tow_truck_car.png,TRUE,2026-10-04T02:39:31.289252,2026-10-04T02:39:31.289252
,31,Cứu hộ oto,"Hỗ trợ khẩn cấp bơm vá lốp, kích bình ắc quy, câu bình điện, xử lý hiện tượng chết máy dọc đường cho ô tô các loại.",https://res.cloudinary.com/dcf78vkol/image/upload/v1791206521/clean_2d_vector_anime_chibi_cartoon_illustration_of_c_u_tr_t_roadside_car.png,TRUE,2026-10-04T02:39:31.289253,2026-10-04T02:39:31.289253
,31,Cứu hộ xe máy,"Sửa chữa lưu động tận nơi, vá lốp, thay bugi, đứt dây ga và khắc phục khẩn cấp tình trạng xe máy hỏng hóc giữa đường phố.",https://res.cloudinary.com/dcf78vkol/image/upload/v1791206572/clean_2d_vector_anime_chibi_cartoon_illustration_of_c_u_h_xe_m_y_motorcycle.png,TRUE,2026-10-04T02:39:31.289254,2026-10-04T02:39:31.289254
,34,Vẫn chuyển đồ đạt,"Nhận đóng gói hàng hóa, cung cấp nhân công khuân vác và chuyên chở các loại đồ đạc, thiết bị gia đình bằng xe tải.",https://res.cloudinary.com/dcf78vkol/image/upload/v1791207464/clean_2d_vector_anime_chibi_cartoon_illustration_of_v_n_chuy_n_c_furniture.png,TRUE,2026-10-04T02:39:31.289263,2026-10-04T02:39:31.289263
,34,Bốc xếp hàng hoá,"Cung cấp nhân công sức khỏe tốt, thực hiện bốc dỡ hàng hóa nặng từ container, xe tải vào trong kho xưởng an toàn.",https://res.cloudinary.com/dcf78vkol/image/upload/v1791207464/clean_2d_vector_anime_chibi_cartoon_illustration_of_b_c_x_p_h_ng_ho_cargo.png,TRUE,2026-10-04T02:39:31.289264,2026-10-04T02:39:31.289264
,34,Sắp xếp và đóng gói,"Phân loại đồ đạc, bọc lót nilon chống sốc, đóng thùng carton và dán băng keo niêm phong hàng hóa chuẩn quy trình.",https://res.cloudinary.com/dcf78vkol/image/upload/v1791207462/clean_2d_vector_anime_chibi_cartoon_illustration_of_s_p_x_p_v_ng_g_i_packing.png,TRUE,2026-10-04T02:39:31.289265,2026-10-04T02:39:31.289265
,34,Dịch vụ chuyển nhà,"Cung cấp dịch vụ trọn gói từ khâu tháo dỡ nội thất, bọc lót, vận chuyển bằng xe tải đến lắp ráp hoàn thiện tại nhà mới.",https://res.cloudinary.com/dcf78vkol/image/upload/v1791207468/clean_2d_vector_anime_chibi_cartoon_illustration_of_d_ch_v_chuy_n_nh_full_house.png,TRUE,2026-10-04T02:39:31.289266,2026-10-04T02:39:31.289266
,34,Dọn dẹp sau chuyển nhà,"Thu gom rác thải, bao bì đóng gói, quét dọn và làm sạch toàn bộ không gian sàn nhà, cửa sổ sau quá trình dọn dến.",https://res.cloudinary.com/dcf78vkol/image/upload/v1791207463/clean_2d_vector_anime_chibi_cartoon_illustration_of_d_n_d_p_sau_chuy_n_nh_post.png,TRUE,2026-10-04T02:39:31.289267,2026-10-04T02:39:31.289267
,38,Diệt mối,"Khảo sát lộ trình của tổ mối, phun xịt thuốc sinh học có tính lây nhiễm nhằm tiêu diệt tận gốc toàn bộ hệ thống tổ.",https://res.cloudinary.com/dcf78vkol/image/upload/v1791207744/clean_2d_vector_anime_chibi_cartoon_illustration_of_di_t_m_i_termite_control.png,TRUE,2026-10-04T02:39:31.289279,2026-10-04T02:39:31.289279
,38,Diệt muỗi,"Phun sương hóa chất an toàn, tồn lưu lâu dài nhằm tiêu diệt muỗi, gián, kiến và phòng chống các dịch bệnh truyền nhiễm.",https://res.cloudinary.com/dcf78vkol/image/upload/v1791207746/clean_2d_vector_anime_chibi_cartoon_illustration_of_di_t_mu_i_mosquito_control.png,TRUE,2026-10-04T02:39:31.289280,2026-10-04T02:39:31.289280
,40,Đặt xe máy,"Dịch vụ kết nối tài xế xe máy công nghệ, giúp hành khách di chuyển nhanh chóng, tiết kiệm thời gian trong các tuyến phố.",https://res.cloudinary.com/dcf78vkol/image/upload/v1791207896/clean_2d_vector_anime_chibi_cartoon_illustration_of_t_xe_m_y_motorbike_scooter.png,TRUE,2026-10-04T02:39:31.289284,2026-10-04T02:39:31.289284
,40,Đặt xe 4 chỗ,"Đặt xe ô tô 4 chỗ đời mới, sạch sẽ, không gian thoải mái, phục vụ cá nhân hoặc nhóm nhỏ di chuyển êm ái, an toàn.",https://res.cloudinary.com/dcf78vkol/image/upload/v1791207897/clean_2d_vector_anime_chibi_cartoon_illustration_of_t_xe_4_ch_4_seater_sedan.png,TRUE,2026-10-04T02:39:31.289285,2026-10-04T02:39:31.289285
,40,Đặt xe 7 chỗ,"Cung cấp phương tiện 7 chỗ không gian rộng rãi, thoáng đãng, phù hợp cho đại gia đình hoặc nhóm bạn bè cùng đi lại.",https://res.cloudinary.com/dcf78vkol/image/upload/v1791207896/clean_2d_vector_anime_chibi_cartoon_illustration_of_t_xe_7_ch_7_seater_mpv_suv.png,TRUE,2026-10-04T02:39:31.289286,2026-10-04T02:39:31.289286
,40,Thuê tài xế lái xe,"Cung cấp tài xế riêng chuyên nghiệp theo giờ, theo ngày để điều khiển phương tiện của khách hàng, đảm bảo an toàn, kín đáo.",https://res.cloudinary.com/dcf78vkol/image/upload/v1791207897/clean_2d_vector_anime_chibi_cartoon_illustration_of_thu_t_i_x_l_i_xe_designated.png,TRUE,2026-10-04T02:39:31.289287,2026-10-04T02:39:31.289287
